TIER,Categories,List / Link,Contact,Follower,Cost,,,,Condition,REMARK*
,,,,,Rate Video,Gencode,Asset 3/6 Month,ค่าเดินทาง,,
MEGA,Lifestyle,thammachad,ติดต่องานLine : @thamwork,6.1M,"👉🏻เรททำคลิป Tiktok ช่อง Thammachad อยู่ที่ 75,000 ฿. ค่ะ แถมพิเศษ! ลงให้ในช่องทาง Facebook Reels, IG Reels และ Youtube Short ให้ด้วยค่ะ 😍
📌**สำคัญ Conditions เพิ่มเติมจากทางช่องนะคะ
- ความยาวคลิปอยู่ที่ 1:00-1:30 ค่ะ ช่วงของการ tie-in แล้วแต่ลูกค้าได้เลยค่ะ
- สามารถแก้ไขดราฟได้ทั้งหมด 2 ครั้งค่ะ หากเกิน ขออนุญาต +5,000 ฿. (หากแก้ไขเล็กน้อยสามารถแก้ไขให้ได้ค่ะ😍)
- สามารถใส่ Text, AW ของลูกค้าได้ค่า
- สามารถใส่ # ตามลูกค้าแจ้งได้เลยค่ะ 
- กรณีเลื่อนโพสต์ ไม่คิดค่าใช้จ่ายค่า แต่ขออนุญาตแจ้งก่อนล่วงหน้า เพื่อการวางแผนและล็อกคิวให้ไม่ชนค่า💖
- โพสต์ถาวรไม่ลบโพสต์ค่ะ
- ลูกค้าสามารถแชร์โพสต์ไปในช่องทางของแบรนด์ได้ค่ะ
•Gencode 30, 60 days *FREE ka
•กรณีหากต้องการนำคลิปไปใช้ เรทจะเป็นดังนี้ค่ะ
👉🏻 1 เดือน *FREE
👉🏻 ถัดไปเดือนละ 5,000 ฿.
👉🏻 ซื้อขาดถาวรที่ 30,000 ฿. ได้เลยค่ะ 
- กรณีงานด่วนขออนุญาต +5,000 ฿. นะคะ (ต้องรีเช็กไทม์ไลน์อีกทีค่ะ ซึ่งไทม์ไลน์ปกติของช่องแบบไม่ใช่งานด่วนจะเป็นตามที่แจ้งในข้อถัดไปค่า🙏🏻)
- สามารถส่งสคริปต์ไอเดียให้ตรวจก่อนถ่ายทำได้นะคะ สามารถ “ส่งหลังรับบรีฟ” ได้ภายใน 4-5 วันค่ะ
- สามารถส่ง 1st draft หลังวัน shooting ได้ภายใน 5-6 วันค่ะ
📍ทางช่องรับเงินในนามบริษัท +vat7% และหัก ณ ที่จ่าย 3% เครดิตเทอม 30 วันหรือตามลูกค้าแจ้งได้เลยค่ะ",,,,,
MEGA,"Lifestyle, Beauty",nisamaneenut,work Line: @nisamanee.nutt,2M,"-create short vdo on Tiktok and Instagram 200,000 บาท
Boost 
-Add advertiser 20,000 บาท ( 30 วัน )
-Tag branded content 30,000  บาท ( 30 วัน )
- gencode 30 วัน 20,000 
-รับในนามบริษัท 7%-3%
‼️ชำระก่อนโพส วางบิล 30 วัน +20000 บาทค่ะ‼️
📍สามารถแก้งานได้2ครั้ง แก้คำ แก้สี แก้ได้ทุกอย่างยกเว้นถ่ายใหม่ 
📍หากส่งงานแล้วต้องการให้ถ่ายใหม่คิดเท่าราคาเต็ม 
📍หากต้องการซื้อไปใช้ต่อเพิ่ม 50,000 ใช้ได้ 3เดือน เดือนต่อไปเดือนละ 10,000 
📍เข้ามา Advertiser, Gencode,Add ads ช่องทางละ 20,000 บาท ได้1เดือน 
📍เข้ามาBoostได้ไม่เกิน1เดือน 
📍ค่าบูสแบรนด์เป็นคนจ่าย 
📍ติดbranded 30,000 บาท 
📍หลังคอนเฟิร์มงานกันแล้วดราฟแรกจะส่งให้ภายใน 3-5 วัน 
📍หากต้องการไวกว่านั้นมีค่าใช้จ่ายเพิ่มเติม 
📍หากคอนเฟิร์มงานแล้วไม่มีการยกเลิกทุกกรณี 
📍กรณียกเลิกงานหลังคอนเฟิร์มทางแบรนด์ต้องชำระ 50% ของราคางาน 
📍หากมีการแปะ Link ทางเพจขอสงวนสิทธิ์ในการแปะ Link Affiliate ตัวเองเท่านั้น
 🌻ไม่ลบโพสทุกช่องทาง🌻",,,,,
MEGA,Lifestyle,noom.bunmanee,"Line : 0936324959 , 0888488988",3.3M,"Tiktok 80,000 บาท gencode free 30 วัน ปักตะกร้าได้ 1 ตะกร้า และไม่มีกำหนดลบโพสต์ค่า",,,,,
MEGA,Lifestyle,ningarisaa,Line : @481rivcf | คุณเฮ้าส์,2.5M,"ขออนุญาตแจ้งเรทราคาทุก Platform ในการรีวิวของคุณนิ้งนะครับ 😊 
(ราคายังไม่รวม VAT 7%) 
(ราคารวมมีคุณเอิร์ธแล้ว) 
♥️TikTok (30-60วิ)
คลิปละ 130,000 บาท

Tiktok Vlog(2-3นาที) 
คลิปละ 150,000 บาท

*** Buy Asset VDO
1 เดือน 19,500 บาท 
3 เดือน 26,000 บาท
 6 เดือน 39,000บาท
1ปี  45,500บาท
ซื้อขาด 65,000บาท

✨Condition✨
ไม่ลบโพสต์
boost post ลงช่อง ningarisaa ไม่คิดค่าใช้จ่าย
แก้ไขได้1-2ดราฟ
เครดิตได้30วัน
รับเงินนาม บ. หักณ ที่จ่าย3%
มี Vat 7%
เลื่อน timeline ครั้งละ 3,000บาท
แก้ไขเกิน2ครั้ง คิดดราฟละ6,000บาท
**re shoot คิด50% ของตัวงาน**
cancel งาน คิด70%ของตัวงาน
นอกสถานที่ กทม. 3,000
*ติดตะกร้าเพิ่ม3,000 (อาจมีผลต่อยอดวิว)",,,,,
MEGA,Lifestyle,porplew,ติดต่องาน : @porplew,2M,"ขออนุญาตเเจ้งเรทการ์ดนะครับ
- 6,000 บาท TikTok 1.9 ล้านผู้ติดตาม (ติดตะกร้าได้)
- คลิป 30 – 90 วินาที 
- แก้ไขคลิปจำกัด 3 ครั้ง 
- เผยแพร่คลิป 1 ปี แบรนด์นำคลิปไปใช้ได้ 1 ปี Gencode ฟรี !",,,,,
MEGA,Lifestyle,maeyasunsun,ติดต่องาน Line maesunya,1.4M,TikTok เมญ่า รับที่ 50000 บาทค่ะ ฟรีเจนโค้ด 30 วัน,,,,,
MEGA,Lifestyle,pexjakkajee,✅ ติดต่องานรีวิว แอดไลน์ @pexguy (มี@),1.1M,"ปัจจุบันอยู่ที่ 20,000 บาท
ฟรีปักตะกร้า
ฟรี gen code 30วัน",,,,,
MEGA,"Lifestyle, Music",barbiebombam_,ติดต่องาน id line: @552ocxgn (K.fay),1.7M,"เรทราคาเริ่มต้นที่ 35,000 ค่ะ
ราคานี้ให้เจนโค้ดฟรี 30 วัน 
หากปักตะกร้าด้วยจะอยู่ที่ 38,000 
(เจนโค้ดฟรี 60 วัน) 
หากซื้อคลิปขาด ไปลงช่องของทางแบรนด์บวกเพิ่มอีก 20,000 ค่ะ 
*ทางเราไม่ลบโพสต์ และใส่ # ได้ไม่จำกัดค่ะ",Gencode 30 day = ฟรีค่ะ ,,,,
MEGA,"Lifestyle, Beauty",juepak_,https://line.me/R/ti/p/@den2686a?ts=07071312&oat_content=url,1.2M,"เรท tiktok 1-1.30นาที
 195,000฿
เจนโค้ต 30 วัน 15,000฿
ปัก1 ตะกร้า 15,000฿
นำคลิปไปใช้ 1 เดือน 95,000฿ ถึงกำหนดลบครับ","15,000",,,,
MEGA,Lifestyle,nxmpez,work Line: @waterdiamond8,1.4M,"เรทtiktok 1-1.30นาที 100,000฿",,,,,
MEGA,"Lifestyle, Family",janeydm,Line @ : @294nrkdf,16.8M,"รีวิว 1 สินค้า 150,000 บาท",,,,,
MEGA,"Lifestyle, Beauty",auyaey13,FOR WORK LINE L A_U_Y13,2.2M,"เรท 20,000฿ Net สินค้า 1 ชิ้น",,,,,
MEGA,"Lifestyle, Review Food",suziewadee,LINE ID : suziewadee (ติดต่องานค่ะ),2.2 M,"- Post Video Review น้ำจิ้มสุกี้ ศรีพันปี พร้อมติดตะกร้าสินค้า 
= 35,000 บาท (ไม่สะดวกติดตระกร้านะคะ)",Gencode 30 day = ฟรีค่ะ ,,,,
MEGA,Lifestyle,เซียนหรั่ง,ติดต่องาน line : earth1454,1.6M,"ราคา 35,000
","5,000","Asset 35,000",,,
MEGA,Lifestyle,thomastom.tiktok,064-9639264 (LineID Tungkae28),1.4M,"ราคา 60,000
Asset 8,000
Sow :
1 content video uploaded on TikTok (1-1.30 min) 60,000.- net
1 content video uploaded on Facebook (1-1.30 min) 75,000.- net

package 1 content video uploaded on TikTok + Facebook (1-1.30 min) 90,000.- net

Optional :
Gen code 8,000.-
Add Advertiser/Boost post/Tag Branded 8,000.-
Buy Out (1 month) 8,000.-

Condition : 
- ค่าเดินทางและที่พัก (ถ่ายทำต่างจังหวัด) 20,000.-
- สามารถแก้ไขแคปชั่นได้ 1 ครั้งครับ
สามารถแก้ไขไอเดียได้ 1 ครั้งครับ
สามารถแก้ไขดราฟได้ 2 ครั้งครับ
- ลบโพสหลังจาก 90 วันครับ","8,000",,,,
MEGA,Lifestyle,nunik11_taiyang,"FOR WORK LINE OA: 
@taiyangmedia (มี@)",1.1M,"12,000",FREE 30 DAY,"3 เดือนฟรี
ซื้อขาด 10,000",,,
MEGA,Lifestyle,ceo.blkboba,Line ID : @ceo.blkboba,2.8M,"VDO Review=35,000 
*รวมค่าเดินทางในชลบุรี
- ระยะเวลาการทำงาน 3-5 วัน
- เงื่อนไขการจ่ายเงิน เครดิต 45 วันสะดวกมั้ยคะ=สะดวกค่ะ",FREE,"10,000",,,
MEGA,Lifestyle,moznattha,"Ig : moznattha
ติดต่องาน DM ไอจีครับ",2.1M,"· 1 x TikTok Video ความยาวไม่เกิน  60 sec = 100,000.-

· เรทราคาสำหรับการ Gen Code ให้ลูกค้าไปบูสต์
 7 วัน  = 3,000.-
30 วัน = 7,000.-
60 วัน = 12,000.-

· ส่งดราฟต์ให้ลูกค้าดู 2 ครั้ง

· สามารถแก้ไขงานโดยการตัดต่อได้ 2 ครั้ง

· สามารถติดแฮชแท็กได้ไม่จำกัด

· สามารถใส่ลิงก์ลูกค้าในแคปชั่นได้

· เรทราคาถ้าลูกค้านำคลิปไปใช้ต่อ 1 เดือนค่ะ = 15,000.-

· เรทราคาถ้าลูกค้านำคลิปไปใช้ต่อ 3 เดือนค่ะ = 30,000.-

· รับเงินในนามบุคคล

· รับเงินแบบ Net เท่านั้น

* Condition ในการทำงานที่ไม่สามารถทำได้ 
ที่เกี่ยวข้องกับจรรยาบรรณในอาชีพ = 
งดรับงานที่เกี่ยวข้องกับเว็บไซต์การพนัน
 / แอลกอฮอล์ทุกประเภท",,,,,
MEGA,Lifestyle,aonsomruta,https://line.me/R/ti/p/@wdg7303p?oat_content=url&ts=09302024,4.9M,"เรท 250,000 คอนเท้นจะลงทั้ง TikTok + Ig reels เลยค่ะ
รับเงินแบบบริษัท มัดจำ 50,000 บาท ไม่มีเครดิตเทอมนะคะ รับเน็ต และมี Vat 7% นะคะ ทางลูกค้าออกหัก ณ ที่จ่ายให้ค่า

- ช่องออนจะเน้น create คอนเท้นตามสไตล์เราให้มีคนมี engagement เยอะๆค่ะ จะไม่ได้เห็นสินค้ามากขนาดนั้น จะเป็น tie in ค่ะ 

- ไม่ติดตะกร้า ไม่ใส่ text ไม่ insert หรือพากษ์เสียงใดๆนะคะ

- gen code ถ้าไม่ถึง 1M views ภายใน 2 อาทิตย์ สามารถ gen code ได้ค่ะ (+30,000 = 30 วัน)

Buy asset 
1 ปี = 350,000
6 เดือน = 250,000
3 เดือน = 100,000",,,,,
MACRO,Lifestyle,khunphansansathan,work : @nongchang.st,700.2K,"คอนเท้นละ 10,000 บาทนะครับ 
ลง3แพรตฟอร์ม Tiktok (701k) 
ig(178k) 
facebook(250k) 
ราคานี้รวมทุกอย่างแล้วครับ 
Gencode ไม่บวกเพิ่ม สามารถนำคลิปไปใช้ต่อได้ แก้ไขงานได้ตามต้องการครับผม",,,,,
MACRO,Lifestyle,poocao,LINE : poocao (for work),277.8K,"30,000 on TikTok 
🎀 แถมฟรี! อัพโหลดบน IG @poocao มูลค่า 20,000.-   
🎀 แถมฟรี! อัพโหลดบน FB @poocaochannel มูลค่า 20,000.-   
🎀 แถมฟรี! หากคลิปไม่เกิน 3 นาทีอัพโหลดบน YT Shorts @poocaochannel มูลค่า 20,000.-   
🎀 แถมฟรี! Gen Code for Boost on TikTok 30 วัน มูลค่า 5,000.- 
รับ Net ในนามบริษัท (จด Vat) Credit Term 30 วัน หลังโพสต์งานฮะ (** ราคาที่แสดงเป็นราคาก่อนบวกภาษี ณ ที่จ่ายและ VAT**)
หากมีระยะเวลาทำงานน้อยกว่า 7 วัน หลังจากคอนเฟิร์มไอเดีย หรือต้องขึ้นโพสต์หรือส่งดราฟต์แรกหลังจากถ่ายทำ 1-2 วัน จะมีค่าใช้จ่ายสำหรับงานเร่งด่วน 5,000 - 10,000 บาท ตามความเร่งด่วนของงานฮะ",,,,,
MACRO,"Lifestyle, Beauty",bewya,"ติดต่องาน IG : bbewyaa
หรือกดlink ด้านล่างได้เลยค่ะ เฉพาะติดต่องานเท่านั้น
page.line.me/665wmhmv",321.3K,"5,000",FREE,FREE,,,
MACRO,Lifestyle,ice_khaikaithot,ติดต่องาน Line:zardice,614.2K,"4,500 รวม Gencode + ปักตะกร้า",,,,,
MACRO,"Lifestyle, Beauty",flukkaronnn,,747.2K,"Tiktok 100,000บาท 
Gen code free 1month
Live tiktok 1ชั่วโมง 120,000บาท 
(ปักตะกร้าเน้นขายของ+เพิ่ม15,000)
Live on instagram 1.30ชม.  150,000
Youtube รายการ ดีจริงหรือจกตา 250,000บาท
ถ้ามีทดสอบสินค้า 7วัน14วันเก็บผล Before และ after  
+เพิ่ม30,000 (มีการจ้างคนมาทดสอบจริงจัง)
แก้ไขงานได้3ครั้ง (editor) 
ใช้ฟรี1เดือน
ซื้อขาด 50% ของราคางานนั้นๆ",,,,,
MACRO,"Lifestyle, Beauty",barbie_noon,,,"4,000",FREE,"2,000",,,
MACRO,"Lifestyle, Healthy",tttip05,For work : line tipker2526,637.5K,"17,000 รวมทุกอย่าง",FREE,FREE,,,
MACRO,"Lifestyle, Beauty",torpattarakul1,Line : @torpat,716K,"SHORT VIDEO (TikTok/Instagram/Facebook Reels) Q3
Clip within 1-1.30 min (1SKU) 
**[Rate per platform : เรทต่อแพลทฟอร์ม]
150,000 THB 
เพิ่มสินค้า ชิ้นละ 10,000 
ต้องการให้ทำ Before/After +50,000
ต้องการคลิปใช้งานหลายวันประกอบในคลิปวีดีโอหลักเช่น 
Day1 Day3 … +25,000/วัน",,,,,
MACRO,"Lifestyle, Beauty",theaunyo,˚ for work pls : dm ig!,153.7K,,,,,,
MACRO,"Lifestyle, mon",nirinpunrada,"Managed By Mom
Line : @715fisla",349.4K,,,,,,
MACRO,"Lifestyle, mon",chanchanew,ติดต่องาน @ : Newyork11179. (มี.),127.6K,,,,,,
MACRO,Lifestyle,katekatyg,@857ocwce,713.7K,"ช่อง เคท ขายตลกไปจนอายุ60
@katekatyg followers 650k+

●เรทรับงานรีวิว/โปรโมทสินค้า(หมวดทั่วไป)

25000/คลิป
+ติดตะกร้าฟรี ✅️
+Gencode ฟรี 30 วัน✅️
+สามารถนำคลิปไปใช้ต่อได้ค่ะไม่คิดเพิ่ม✅️
●ห้ามลดคอมมิชชั่นในสินค้าที่ตกลงกันตั้งแต่แรกนะคะ 

จ้างแบบหลายคลิป 
5 คลิป 115,000
10 คลิป 220,000

●ต้องการใช้ gencode เพิ่ม
7 วัน 5000
30 วัน 12000 
60 วัน 18000
365 วัน 25000

●กรณีที่tiktokให้ละเมิดและเอาสินค้าในตะกร้าช่องออกลูกค้า
ต้องการใส่สินค้าในตะกร้าแทน ลูกค้าต้องจ่ายค่าgencode นะคะ 
ในกรณีที่ลูกค้าไม่จ่ายค่าgencode แล้วบังเอิญเจอแอด 
ทางเราขออนุญาต ยกเลิกการใช้คลิปทุกกรณีนะคะ

-ลงคิวแล้ว ใช้เวลาในการถ่ายคลิปและตัดต่อ 5-7 วัน 
-ไม่รับงานหัก 3%ค่ะ รับเต็ม 
-ไม่ติดเรื่องเครดิตเทอม 

●แก้ไขงานได้จนกว่าทางผู้จ้างจะพอใจคะ
●สามารถบรีฟงาน แบบละเอียด ร่วมกันได้ก่อนเริ่มงานค่ะ",,,,,
MACRO,"Lifestyle, Beauty",aom_ch,"Line For Work : aom4work
IG : Chr.zzz
(ไม่ติดสัญญาทุกสินค้า)","975.4K
","1. Tiktok Video =80,000฿
2. ติดตะกร้า Tiktok Shop เพิ่ม 20,000฿
3. Gen code ฟรีสูงสุด 60 วัน 
4. Asset กรณีแบรนด์นำคลิปไปใช้  
(ไม่มีการตัด ดัดแปลง สร้างคลิปใหม่ )
1 เดือน7,000฿ 
2เดือน 12,000฿ 
3เดือน 15,000฿ 

** เน้นทำคลิปสไตล์ของช่องตัวเอง ไม่สะดวกพูดรีวิวจ๋าๆ ที่มีสคริปต์ 
หรือมีTextในคลิป!!!
เน้นทำคลิปตามสไตล์ตัวเอง ให้คนดูรู้สึกถึงการไม่ยัดเยียดสินค้า 
ทำคลิปออกมาให้เรียล,สนุก, ทุ่มทุนสร้างที่สุด,สร้างความแตกต่าง 
ทำงานในลักษณะเหมือนทางช่อง (Aom_chr) หยิบจับสินค้าเอง 
ทำคลิปนี้ขึ้นมาเอง
โดยไม่มีสปอน ไม่มีการจ้าง อารมณ์ประมาณนี้ค่ะ ",,,,,
MACRO,"Lifestyle, Beauty",paengmoji,ติดต่องานIG :PPPANGIE ),262.8K,,,,,,
MICRO,"Lifestyle, Beauty",tussyfeelspecial,lin.ee/hkjbxZW,58.5K,,,,,,
MICRO,"Lifestyle, Travel", tina_janeti,ติดต่องานID LINE:janetina_jane,42.3K,"2,500",,,,,
MICRO,Lifestyle,aoi.srwz,ติดต่องาน DM IG,"
42.7K","2,500",,,,,
MICRO,Lifestyle,chayadazzz42,ติดต่องาน👉🏻IG:chayamiwww,"16,500","2,500",,,,,
MICRO,Lifestyle,kemmyreview24,IG: เข็มมี่รีวิว24 For Work : kem123468,"58,400","3,500",,,,,
MICRO,Lifestyle,bentenntn,ติดต่องาน line: bentenntn,"21,600","5,500",,,,,
MICRO,Lifestyle,khunkhaohoms,เจ้าที่ติดแกลม💅 ติดต่องาน @002ofjcn,76.8K,"5,000",,,,,
MICRO,Lifestyle,mark.thanet,,"24,600","- VDO TIKTOK + Gencode 
= 8,000/คลิป",,,,,
MICRO,Lifestyle,solly.mrc,ติดต่องาน อจ : solly.mrc,"64,300",3000 บาท/สินค้า,,,,,
MICRO,Lifestyle,pnxxtiffy,,"18,000","4,500",,,,,
MICRO,Lifestyle,fairyqodmother,,"71,800","6,000",,,,,
MICRO,Lifestyle,t.monsicha,,"21,200","4,000",,,,,
MICRO,Lifestyle,gracenarada,,"18,600","4,500",,,,,
MICRO,Lifestyle,nutchanokc,,"43,110","3,500",,,,,
MICRO,Lifestyle,mamasecretfamily,,"32,300",,,,,,
MICRO,"Lifestyle, mon",a.tomtam,openlink.co/a.tomtam,"59,200","3,500",,,,,
MICRO,Lifestyle,maimaimuan_,,"16,900",,,,,,
MICRO,Lifestyle,sstwins_diary,,"11,000",,,,,,
MICRO,Lifestyle,pre_pan,For work LineOA: @prepan,"29,100","10,000",,,,,
MICRO,Lifestyle,waternam.j,,"52,800",,,,,,
MICRO,"Lifestyle, mon",sstwins_diary,,"11,000",,,,,,
MICRO,"Lifestyle, POV",fanrakk,,"14,800",,,,,,
MICRO,"Lifestyle, POV",arthurlori,https://line.me/ti/p/D2eE22MNoS,"81,900","🌟 วิดีโอสั้น Tiktok ไม่เกิน 90 วิ 20,000 บาท แถมลง IG reels!! (ราคานี้มีป้าติ๊บซี่มาร่วมระเบิดพัดในคลิป หรือพี่โจ๊กแฟนสุดแบ๊วของเธอร์ค่ะ)
*Gen Code ฟรี 30 วัน เพิ่มเติม 3,000/30 วัน
**ปักตะกร้า 3000 บาท

🌟🌟🌟🌟
เพิ่มสมาชิกคนละ 5000 บาท
นำ asset ไปใช้ต่อ 10,000 บาท/ชิ้นงาน/ใช้ได้ตลอด
เพิ่มเงิน 3,000 - 6,000 บาทสำหรับการออกนอกสถานที่ตามที่ลูกค้า request 
เสื้อผ้าหน้าผมอลังการ ตัดใหม่ตามลูกค้า request ชุดละ 15,000 บาท
🌟🌟🌟🌟

Condition การทำงาน
- ทุกงานสามารถแก้ไข script ก่อนถ่ายทำได้ 1 ครั้ง
- ทุกงานสามารถแก้ไขชิ้นงานได้ 2 ครั้ง เช่น การเลือกซีน การตัดต่อ การใส่ข้อความ (หากเกินครั้งที่ 2 คิดค่าแก้ไขงานครั้งละ 1000 บาท)
- เลื่อนการโพสต์งานได้ 1 ครั้ง เพิ่มเติมครั้งละ 5000 บาท
- แต่ถ้าหากลูกค้าต้องการให้ถ่ายใหม่ ทางช่องจะขอคิดเงินเพิ่ม 100% ของใบเสนอราคา",,,,,
MACRO,Lifestyle, isnotfone,Inquiries : LINE : @694bvfjf,"298,800","- Rate Card สำหรับการ Review ลงช่อง Tiktok 
- Rate Card สำหรับเหมา 3-5 คลิป=คลิปละ35,000
- Gen code=30วัน 5,000
- ราคาสำหรับ Boost Post
- ซื้อ Asset=37,000
- ติดตะกร้า=2,000/1ชิ้น
- แก้งานได้กี่รอบ=2ครั้งหากเกินครั้งละ1,500
- เครดิตเทอมกี่วัน=30-45วันครับ
เรทราคาเดือนสิงหาคม 2025 ",,,,,
MACRO,"Lifestyle, POV", f_u_i_, lin.ee/F7aaNtj,"200,800"," 🟢 ลงช่องทาง TikTok 
▫️ 38,000฿ (net)
 🟢 ลงช่องทาง IG Reels (แถม FB Reels)
▫️ 32,000฿ 
 🟢🔥 ลงทุกช่องทาง TikTok+ IG Reels + FB 
▫️ 42,000฿
สามารถดูตัวอย่าง Tie in และ Demographic 
ได้ที่Link : fuistudio.my.canva.site/demographic     
🔘 Condition 
▪️ คลิป TikTok Gencode ฟรี 30 วัน
▪️ หากลูกค้าต้องการซื้อ Asset : 1-3 เดือน 5,000.- /4 เดือน-1 ปี 10,000.- / ถาวร 15,000.-
▪️บริการแชร์ไปที่ Story ของทุกช่องทาง IG,FB,TT ช่องทางละ 2 Story
▪️ ถ่ายนอกสถานที่ กทม. 1,500.- เขตปริมณฑลหรือต่างจังหวัดอาจมีค่าใช้จ่ายเพิ่มเติมค่ะ
▪️ ติดตะกร้า 1SKU 3,000.- / 2 SKU 5,000.-
▪️ ระยะเวลาเก็บโพส 6 เดือนค่ะ แต่หากลูกค้าบูสจนมียอดคนดูเกิน 5 ล้าน เก็บไว้ถาวรค่ะ
▪️ กันแบรนด์ไลน์คู่แข่งให้ 15 วันค่ะ 

🔘 เงื่อนไขการรับชำระเงิน :
▪️ Confirm Job โดยมัดจำ 50% และชำระอีก 50% ในวันงานหรือวันโพส
(ในกรณีร่วมงานกันครั้งแรกต้องรบกวนด้วยนะคะ)
▪️ ทำจ่ายแบบบุคคล หัก3% 
▪️ ลูกค้าที่เคยร่วมงานเครดิตได้ 30 วันค่ะ

🔘 การแก้ไขงาน :
▪️ สามารถแก้ไข Story Idea ได้ 1 ครั้ง
▪️ สามารถแก้ไข Clip ได้ 2 ครั้ง
▪️ แก้ไขเพิ่มเติมมีค่าใช้จ่าย ครั้งละ 1,000.-
เรทราคาเดือนสิงหาคม 2025 ",,,,,
MEGA,Lifestyle,bewvaraporn,💚 For work 💫 Line: @bewvaraporn,"2,400,000","🎞Rate card : Bew Varaporn 
✔️เรทรีวิวคลิปสั้น > มี 4 ช่องทาง 

💟 Tiktok : Bew Varaporn (แนวไลฟสไตล์ รีวิวสินค้า Vlog ชีวิตประจำวัน ท่องเที่ยว อีเว้น)
https://www.tiktok.com/@bewvaraporn?_t=8qAsnEZbUns&_r=1

> 100,000 บาท

💖 IG : Bew Varaporn 
> 100,000 บาท

💙 Facebook : Bew Varaporn 
> 100,000 บาท

♥️ YouTube Shorts
> 140,000 บาท

💕 IG Story: Bew Varaporn 
รีวิวสินค้า สตอรี่ละ 40,000 บาท
รีวิวสินค้า & แปะลิงก์สินค้า สตอรี่ละ 50,000 บาท

➡️ เงื่อนไขเพิ่มเติม:

🧺Affiliate + 25,000 บาท

📦 เรทราคา Tie in ต่อ 1 โปรดักส์ 
> ชิ้นต่อไป + ชิ้นละ 25,000 บาท



🚘 ถ้ารีเควสเป็นคลิปที่ต้องเดินทางไปถ่ายทำที่ Event ที่ร้านหรือถ่ายนอกสถานที่
- ในกรุงเทพ = 45,000
- ต่างจังหวัด = 80,000
- ต่างประเทศ = คิดค่าใช้จ่ายตามจริง เช่น ค่าตั๋ว ค่าที่พัก ค่าอาหาร ค่าทีมงาน


👨‍👩‍👧‍👦👩‍❤️‍👨 ถ้ารีเควสในคลิปช่วงที่รีวิวต้องมีคนในครอบครัว
- TaninS = 35,000 
- น้อง Benni + 55,000 บาท
-TaninS & Baby = 80,000 บาท
- คุณแม่ = 20,000 
-  Bow Kanyarat = 25,000
- กล้วยหอมแรคคูน = 25,000


🕑 ถ้ามีการให้ทดลองใช้สินค้าและเก็บผลรีวิว Before & After
- 7 days = 14,000 
- 14 days = 28,000
- 30 days = 60,000 

➖➖➖➖➖➖➖➖➖➖➖➖➖➖➖

📌เงื่อนไขการนำ Asset ของทางช่องไปใช้ต่อช่องทาง Media ของแบรนด์

ทางแบรนด์นำคลิปหรือรูป ไป Repost / Reupload / ซื้อ Ad โฆษณา ช่องทางออนไลน์ของแบรนด์

➖ คลิปวีดิโอ 85,000 บาท ระยะเวลา 1 เดือน
**หากนำไปใช้มากกว่า 1 เดือน รบกวนแจ้งมาได้เลยนะคะ จะมีการคิดเรทพิเศษให้ค่ะ

🚫หากทางแบรนด์ต้องการนำคลิปวีดีโอของทางช่องไปใช้ต่อแบบซื้อขาดเลยตรงนี้ทางช่องจะไม่สะดวกนะคะ

__________________________________________

📌เงื่อนไขการ Boost post: 

- ทางช่องจะ Add ให้ทางแบรนด์ลูกค้า Add advertiser แล้วเข้ามาจัดการบูสโฆษณา

- Add advertiser FB หรือ IG จับมือกับแบรนด์ : 30,000 บาท/เดือน

- Branded content IG หรือ FB : 35,000 บาท/เดือน

- Gen code on TikTok : 35,000 บาท/เดือน
__________________________

✨คลิปสั้น (ความยาว 1-3 นาที)
ส่ง 1st draft ให้หลัง approve script 
ประมาณ 5 วัน

✨หลังจากนั้นแก้ไขได้ 1 ครั้ง 
ตาม Script ที่ Approve มา
ใช้เวลาแก้ไข 3 วันค่ะ

🚫หากมีการถ่ายใหม่จะมีค่าใช้จ่ายเพิ่มซีนละ 20% ของมูลค่างาน
เรทราคาเดือน พฤษภาคม 2025",,,,,
MACRO,"Lifestyle, mon",katheryn_lee,🍒ติดต่องาน : @ktwork,"405,300","- ราคารีวิว 
💘 Tiktok 40-60 sec = 62,000.- 
- ไม่มีการลบโพสต์ 
- สามารถนำไปรีโพสได้ฟรี 3 เดือน 

❤️ สามารถนำไปรีโพสได้ ฟรี 3 เดือน ( ถ้าโพสในช่องทาง social media 
ของแบรนด์ทิ้งไว้แล้ว ไม่ต้องลบออกได้ แต่ไม่นำมารีโพสใหม่หลัง 3 เดือน) 
❤️ หากต้องการนำไปใช้เกิน 3 เดือน คิดเพิ่ม เดือนละ 3,000 บาท

- แก้ไขงานได้กี่ครั้งคะ___
❤️ งานแก้ไขได้ 2 ครั้ง ในเรื่องของการตัดต่อ หรือ super ใช้ฟุตเทจเดิม
 ไม่สามารถให้แก้โดยการถ่ายใหม่ได้ / หากแก้ไขเกิน1ครั้ง ครั้งต่อไปคิดเพิ่มครั้งละ 2,000.-

- gen code 
❤️ Gen Code เพื่อ Boost Post 5,000.- 

- Asset _____
❤️ Buying Asset นำไปตัดต่อ บูสต์โพสต์ในช่องทางแบรนด์ 15,000 บาทต่อปี
1,500/เดือน
15,000/ปี
-ไม่ต้องลบโพสได้ค่ะ

- ติดตะกร้า _____
5,000.-

ทางเราจ่ายเงินแบบ Credit 45 Day สะดวกมั้ยคะ
ได้ค่ะ

- รับเงินแบบบุคคลหรือบริษัทคะ
- รับเงินนามบริษัท บวกVat 7% หัก ณ ที่จ่ายได้

🤍 condition

- ช่อง TikTok คุณแคทตี้เอว 22 เป็นคอนเทนต์เน้น engagement 
สอดแทรกความบันเทิงไปกับ luxurious lifestyle ที่เข้าถึงง่าย 
เลือกใช้คำที่ปลอดภัย คอนเท้นท์จะออกแบบการนำเสนอให้เหมาะกับแบรนด์ในสไตล์ของช่อง
- ติด hashtag ไม่เกิน 3 hashtag
- ลูกค้าสามารถ add เข้ามาเป็น advertiser ในการ boost post ได้ฟรี
-สามารถเขียน draft idea ให้ได้ หลังคอนเฟิร์มงานแล้ว
-ระยะเวลาส่ง draft แรกงาน VDO 7-14 วัน หลังได้รับบรีฟ
 ( หากเป็นงานด่วนสามารถเช็คสอบถามเพิ่มเติมได้เป็นเคสๆ หากไม่ติดคิวอื่นสามารถทำด่วนให้ได้)
-ถ้ามีการยกเลิกงาน ก่อนถ่ายทำ คิด 10% ของราคาเรทการ์ด
-ถ้ามีการยกเลิกงาน หลังถ่ายทำ ชำระเงินตามปกติ
-เลื่อนวันโพสหลังจากคอนเฟิร์มแล้วคิดเพิ่ม 5,000.-",,,,,
MICRO,Lifestyle,patsaminn,line id @patsamin ,"94,300","ลงงานช่องทาง TikTok หรือ ช่องทางอื่นๆ เช่น IG  
- ราคารีวิว Tiktok : 7,000 + สินค้าอาหารเสริม 1,000 = 8,000 บาทรวมเจนโค้ด 30 วัน
- gen code : 30 days for free
-Asset : นำคลิปไปใช้งานต่อจะคิดตามระยะเวลานะคะ 
1-3 เดือน 2,000/ 1 ปี 4,000 (รบกวนไม่นำไปดัดแปลงหรือตัดต่อนะคะ) 
- ซื้อขาดถาวร 5,000 บาท นำไปใช้งานได้ไม่จำกัด 
(ส่ง raw file without text/effect ให้ได้ค่ะ แต่รบกวนแจ้งตอนดราฟผ่านนะคะ)
*เพิ่มเติมเงื่อนไขการทำงาน (ถ้ามี) 
- แก้ดราฟไม่เกิน 2 ครั้งเฉพาะตัดต่อ/text/vo

ทางเราจ่ายเงินแบบ Credit 45 Day สะดวกมั้ยคะ : 
ของมินจะรับเป็นเครดิตเทอมหลังโพส 30 วันได้ค่ะ 
หากเกินจากนี้ขออนุญาต +1,000 บาท
-รับเงินแบบบุคคลหรือบริษัทคะ : รับนามบุคคล หักภาษี ณ​ที่จ่าย 3% ได้ค่ะ
เรทราคาเดือน สิงหาคม",,,,,
MICRO,Lifestyle, mmaisurawan,For work Line @mmaisurawan | @kolsver,"26,200","- ราคารีวิว______tiktok : 8,500
- gen code_______ 30 วันฟรี
-Asset _____  4,000
เรทราคาเดือน สิงหาคม",,,,,
MACRO,Lifestyle, palmspizy,ติดต่อ ID : @palmspizy (มี@),"377,600","- ราคารีวิว______20,000
- gen code_______ ฟรี
-Asset _____ 2,000
เรทราคาเดือน เมษายน 2025 ",,,,,
,,,,,,,,,,
,,,,,,,,,,
,,,,,,,,,,
,,,,,,,,,,
,,,,,,,,,,
,,,,,,,,,,
,,,,,,,,,,
,,,,,,,,,,
,,,,,,,,,,
,,,,,,,,,,
,,,,,,,,,,
,,,,,,,,,,
,,,,,,,,,,
,,,,,,,,,,
,,,,,,,,,,
,,,,,,,,,,
,,,,,,,,,,
,,,,,,,,,,
,,,,,,,,,,
,,,,,,,,,,
,,,,,,,,,,
,,,,,,,,,,
,,,,,,,,,,
,,,,,,,,,,
,,,,,,,,,,
,,,,,,,,,,
,,,,,,,,,,
,,,,,,,,,,
,,,,,,,,,,
,,,,,,,,,,
,,,,,,,,,,
,,,,,,,,,,
,,,,,,,,,,
,,,,,,,,,,
,,,,,,,,,,
,,,,,,,,,,
,,,,,,,,,,
,,,,,,,,,,
,,,,,,,,,,
,,,,,,,,,,
,,,,,,,,,,
,,,,,,,,,,
,,,,,,,,,,
,,,,,,,,,,
,,,,,,,,,,
,,,,,,,,,,
,,,,,,,,,,
,,,,,,,,,,
,,,,,,,,,,
,,,,,,,,,,
,,,,,,,,,,
,,,,,,,,,,
,,,,,,,,,,
,,,,,,,,,,
,,,,,,,,,,
,,,,,,,,,,
,,,,,,,,,,
,,,,,,,,,,
,,,,,,,,,,
,,,,,,,,,,
,,,,,,,,,,
,,,,,,,,,,
,,,,,,,,,,
,,,,,,,,,,
,,,,,,,,,,
,,,,,,,,,,
,,,,,,,,,,
,,,,,,,,,,
,,,,,,,,,,
,,,,,,,,,,
,,,,,,,,,,
,,,,,,,,,,
,,,,,,,,,,
,,,,,,,,,,
,,,,,,,,,,
,,,,,,,,,,
,,,,,,,,,,
,,,,,,,,,,
,,,,,,,,,,
,,,,,,,,,,
,,,,,,,,,,
,,,,,,,,,,
,,,,,,,,,,
,,,,,,,,,,
,,,,,,,,,,
,,,,,,,,,,
,,,,,,,,,,
,,,,,,,,,,
,,,,,,,,,,
,,,,,,,,,,
,,,,,,,,,,
,,,,,,,,,,
,,,,,,,,,,
,,,,,,,,,,
,,,,,,,,,,
,,,,,,,,,,
,,,,,,,,,,
,,,,,,,,,,
,,,,,,,,,,
,,,,,,,,,,
,,,,,,,,,,
,,,,,,,,,,
,,,,,,,,,,
,,,,,,,,,,
,,,,,,,,,,
,,,,,,,,,,
,,,,,,,,,,
,,,,,,,,,,
,,,,,,,,,,
,,,,,,,,,,
,,,,,,,,,,
,,,,,,,,,,
,,,,,,,,,,
,,,,,,,,,,
,,,,,,,,,,
,,,,,,,,,,
,,,,,,,,,,
,,,,,,,,,,
,,,,,,,,,,
,,,,,,,,,,
,,,,,,,,,,
,,,,,,,,,,
,,,,,,,,,,
,,,,,,,,,,
,,,,,,,,,,
,,,,,,,,,,
,,,,,,,,,,
,,,,,,,,,,
,,,,,,,,,,
,,,,,,,,,,
,,,,,,,,,,
,,,,,,,,,,
,,,,,,,,,,
,,,,,,,,,,
,,,,,,,,,,
,,,,,,,,,,
,,,,,,,,,,
,,,,,,,,,,
,,,,,,,,,,
,,,,,,,,,,
,,,,,,,,,,
,,,,,,,,,,
,,,,,,,,,,
,,,,,,,,,,
,,,,,,,,,,
,,,,,,,,,,
,,,,,,,,,,
,,,,,,,,,,
,,,,,,,,,,
,,,,,,,,,,
,,,,,,,,,,
,,,,,,,,,,
,,,,,,,,,,
,,,,,,,,,,
,,,,,,,,,,
,,,,,,,,,,
,,,,,,,,,,
,,,,,,,,,,
,,,,,,,,,,
,,,,,,,,,,
,,,,,,,,,,
,,,,,,,,,,
,,,,,,,,,,
,,,,,,,,,,
,,,,,,,,,,
,,,,,,,,,,
,,,,,,,,,,
,,,,,,,,,,
,,,,,,,,,,
,,,,,,,,,,
,,,,,,,,,,
,,,,,,,,,,
,,,,,,,,,,
,,,,,,,,,,
,,,,,,,,,,
,,,,,,,,,,
,,,,,,,,,,
,,,,,,,,,,
,,,,,,,,,,
,,,,,,,,,,
,,,,,,,,,,
,,,,,,,,,,
,,,,,,,,,,
,,,,,,,,,,
,,,,,,,,,,
,,,,,,,,,,
,,,,,,,,,,
,,,,,,,,,,
,,,,,,,,,,
,,,,,,,,,,
,,,,,,,,,,
,,,,,,,,,,
,,,,,,,,,,
,,,,,,,,,,
,,,,,,,,,,
,,,,,,,,,,
,,,,,,,,,,
,,,,,,,,,,
,,,,,,,,,,
,,,,,,,,,,
,,,,,,,,,,
,,,,,,,,,,
,,,,,,,,,,
,,,,,,,,,,
,,,,,,,,,,
,,,,,,,,,,
,,,,,,,,,,
,,,,,,,,,,
,,,,,,,,,,
,,,,,,,,,,
,,,,,,,,,,
,,,,,,,,,,
,,,,,,,,,,
,,,,,,,,,,
,,,,,,,,,,
,,,,,,,,,,
,,,,,,,,,,
,,,,,,,,,,
,,,,,,,,,,
,,,,,,,,,,
,,,,,,,,,,
,,,,,,,,,,
,,,,,,,,,,
,,,,,,,,,,
,,,,,,,,,,
,,,,,,,,,,
,,,,,,,,,,
,,,,,,,,,,
,,,,,,,,,,
,,,,,,,,,,
,,,,,,,,,,
,,,,,,,,,,
,,,,,,,,,,
,,,,,,,,,,
,,,,,,,,,,
,,,,,,,,,,
,,,,,,,,,,
,,,,,,,,,,
,,,,,,,,,,
,,,,,,,,,,
,,,,,,,,,,
,,,,,,,,,,
,,,,,,,,,,
,,,,,,,,,,
,,,,,,,,,,
,,,,,,,,,,
,,,,,,,,,,
,,,,,,,,,,
,,,,,,,,,,
,,,,,,,,,,
,,,,,,,,,,
,,,,,,,,,,
,,,,,,,,,,
,,,,,,,,,,
,,,,,,,,,,
,,,,,,,,,,
,,,,,,,,,,
,,,,,,,,,,
,,,,,,,,,,
,,,,,,,,,,
,,,,,,,,,,
,,,,,,,,,,
,,,,,,,,,,
,,,,,,,,,,
,,,,,,,,,,
,,,,,,,,,,
,,,,,,,,,,
,,,,,,,,,,
,,,,,,,,,,
,,,,,,,,,,
,,,,,,,,,,
,,,,,,,,,,
,,,,,,,,,,
,,,,,,,,,,
,,,,,,,,,,
,,,,,,,,,,
,,,,,,,,,,
,,,,,,,,,,
,,,,,,,,,,
,,,,,,,,,,
,,,,,,,,,,
,,,,,,,,,,
,,,,,,,,,,
,,,,,,,,,,
,,,,,,,,,,
,,,,,,,,,,
,,,,,,,,,,
,,,,,,,,,,
,,,,,,,,,,
,,,,,,,,,,
,,,,,,,,,,
,,,,,,,,,,
,,,,,,,,,,
,,,,,,,,,,
,,,,,,,,,,
,,,,,,,,,,
,,,,,,,,,,
,,,,,,,,,,
,,,,,,,,,,
,,,,,,,,,,
,,,,,,,,,,
,,,,,,,,,,
,,,,,,,,,,
,,,,,,,,,,
,,,,,,,,,,
,,,,,,,,,,
,,,,,,,,,,
,,,,,,,,,,
,,,,,,,,,,
,,,,,,,,,,
,,,,,,,,,,
,,,,,,,,,,
,,,,,,,,,,
,,,,,,,,,,
,,,,,,,,,,
,,,,,,,,,,
,,,,,,,,,,
,,,,,,,,,,
,,,,,,,,,,
,,,,,,,,,,
,,,,,,,,,,
,,,,,,,,,,
,,,,,,,,,,
,,,,,,,,,,
,,,,,,,,,,
,,,,,,,,,,
,,,,,,,,,,
,,,,,,,,,,
,,,,,,,,,,
,,,,,,,,,,
,,,,,,,,,,
,,,,,,,,,,
,,,,,,,,,,
,,,,,,,,,,
,,,,,,,,,,
,,,,,,,,,,
,,,,,,,,,,
,,,,,,,,,,
,,,,,,,,,,
,,,,,,,,,,
,,,,,,,,,,
,,,,,,,,,,
,,,,,,,,,,
,,,,,,,,,,
,,,,,,,,,,
,,,,,,,,,,
,,,,,,,,,,
,,,,,,,,,,
,,,,,,,,,,
,,,,,,,,,,
,,,,,,,,,,
,,,,,,,,,,
,,,,,,,,,,
,,,,,,,,,,
,,,,,,,,,,
,,,,,,,,,,
,,,,,,,,,,
,,,,,,,,,,
,,,,,,,,,,
,,,,,,,,,,
,,,,,,,,,,
,,,,,,,,,,
,,,,,,,,,,
,,,,,,,,,,
,,,,,,,,,,
,,,,,,,,,,
,,,,,,,,,,
,,,,,,,,,,
,,,,,,,,,,
,,,,,,,,,,
,,,,,,,,,,
,,,,,,,,,,
,,,,,,,,,,
,,,,,,,,,,
,,,,,,,,,,
,,,,,,,,,,
,,,,,,,,,,
,,,,,,,,,,
,,,,,,,,,,
,,,,,,,,,,
,,,,,,,,,,
,,,,,,,,,,
,,,,,,,,,,
,,,,,,,,,,
,,,,,,,,,,
,,,,,,,,,,
,,,,,,,,,,
,,,,,,,,,,
,,,,,,,,,,
,,,,,,,,,,
,,,,,,,,,,
,,,,,,,,,,
,,,,,,,,,,
,,,,,,,,,,
,,,,,,,,,,
,,,,,,,,,,
,,,,,,,,,,
,,,,,,,,,,
,,,,,,,,,,
,,,,,,,,,,
,,,,,,,,,,
,,,,,,,,,,
,,,,,,,,,,
,,,,,,,,,,
,,,,,,,,,,
,,,,,,,,,,
,,,,,,,,,,
,,,,,,,,,,
,,,,,,,,,,
,,,,,,,,,,
,,,,,,,,,,
,,,,,,,,,,
,,,,,,,,,,
,,,,,,,,,,
,,,,,,,,,,
,,,,,,,,,,
,,,,,,,,,,
,,,,,,,,,,
,,,,,,,,,,
,,,,,,,,,,
,,,,,,,,,,
,,,,,,,,,,
,,,,,,,,,,
,,,,,,,,,,
,,,,,,,,,,
,,,,,,,,,,
,,,,,,,,,,
,,,,,,,,,,
,,,,,,,,,,
,,,,,,,,,,
,,,,,,,,,,
,,,,,,,,,,
,,,,,,,,,,
,,,,,,,,,,
,,,,,,,,,,
,,,,,,,,,,
,,,,,,,,,,
,,,,,,,,,,
,,,,,,,,,,
,,,,,,,,,,
,,,,,,,,,,
,,,,,,,,,,
,,,,,,,,,,
,,,,,,,,,,
,,,,,,,,,,
,,,,,,,,,,
,,,,,,,,,,
,,,,,,,,,,
,,,,,,,,,,
,,,,,,,,,,
,,,,,,,,,,
,,,,,,,,,,
,,,,,,,,,,
,,,,,,,,,,
,,,,,,,,,,
,,,,,,,,,,
,,,,,,,,,,
,,,,,,,,,,
,,,,,,,,,,
,,,,,,,,,,
,,,,,,,,,,
,,,,,,,,,,
,,,,,,,,,,
,,,,,,,,,,
,,,,,,,,,,
,,,,,,,,,,
,,,,,,,,,,
,,,,,,,,,,
,,,,,,,,,,
,,,,,,,,,,
,,,,,,,,,,
,,,,,,,,,,
,,,,,,,,,,
,,,,,,,,,,
,,,,,,,,,,
,,,,,,,,,,
,,,,,,,,,,
,,,,,,,,,,
,,,,,,,,,,
,,,,,,,,,,
,,,,,,,,,,
,,,,,,,,,,
,,,,,,,,,,
,,,,,,,,,,
,,,,,,,,,,
,,,,,,,,,,
,,,,,,,,,,
,,,,,,,,,,
,,,,,,,,,,
,,,,,,,,,,
,,,,,,,,,,
,,,,,,,,,,
,,,,,,,,,,
,,,,,,,,,,
,,,,,,,,,,
,,,,,,,,,,
,,,,,,,,,,
,,,,,,,,,,
,,,,,,,,,,
,,,,,,,,,,
,,,,,,,,,,
,,,,,,,,,,
,,,,,,,,,,
,,,,,,,,,,
,,,,,,,,,,
,,,,,,,,,,
,,,,,,,,,,
,,,,,,,,,,
,,,,,,,,,,
,,,,,,,,,,
,,,,,,,,,,
,,,,,,,,,,
,,,,,,,,,,
,,,,,,,,,,
,,,,,,,,,,
,,,,,,,,,,
,,,,,,,,,,
,,,,,,,,,,
,,,,,,,,,,
,,,,,,,,,,
,,,,,,,,,,
,,,,,,,,,,
,,,,,,,,,,
,,,,,,,,,,
,,,,,,,,,,
,,,,,,,,,,
,,,,,,,,,,
,,,,,,,,,,
,,,,,,,,,,
,,,,,,,,,,
,,,,,,,,,,
,,,,,,,,,,
,,,,,,,,,,
,,,,,,,,,,
,,,,,,,,,,
,,,,,,,,,,
,,,,,,,,,,
,,,,,,,,,,
,,,,,,,,,,
,,,,,,,,,,
,,,,,,,,,,
,,,,,,,,,,
,,,,,,,,,,
,,,,,,,,,,
,,,,,,,,,,
,,,,,,,,,,
,,,,,,,,,,
,,,,,,,,,,
,,,,,,,,,,
,,,,,,,,,,
,,,,,,,,,,
,,,,,,,,,,
,,,,,,,,,,
,,,,,,,,,,
,,,,,,,,,,
,,,,,,,,,,
,,,,,,,,,,
,,,,,,,,,,
,,,,,,,,,,
,,,,,,,,,,
,,,,,,,,,,
,,,,,,,,,,
,,,,,,,,,,
,,,,,,,,,,
,,,,,,,,,,
,,,,,,,,,,
,,,,,,,,,,
,,,,,,,,,,
,,,,,,,,,,
,,,,,,,,,,
,,,,,,,,,,
,,,,,,,,,,
,,,,,,,,,,
,,,,,,,,,,
,,,,,,,,,,
,,,,,,,,,,
,,,,,,,,,,
,,,,,,,,,,
,,,,,,,,,,
,,,,,,,,,,
,,,,,,,,,,
,,,,,,,,,,
,,,,,,,,,,
,,,,,,,,,,
,,,,,,,,,,
,,,,,,,,,,
,,,,,,,,,,
,,,,,,,,,,
,,,,,,,,,,
,,,,,,,,,,
,,,,,,,,,,
,,,,,,,,,,
,,,,,,,,,,
,,,,,,,,,,
,,,,,,,,,,
,,,,,,,,,,
,,,,,,,,,,
,,,,,,,,,,
,,,,,,,,,,
,,,,,,,,,,
,,,,,,,,,,
,,,,,,,,,,
,,,,,,,,,,
,,,,,,,,,,
,,,,,,,,,,
,,,,,,,,,,
,,,,,,,,,,
,,,,,,,,,,
,,,,,,,,,,
,,,,,,,,,,
,,,,,,,,,,
,,,,,,,,,,
,,,,,,,,,,
,,,,,,,,,,
,,,,,,,,,,
,,,,,,,,,,
,,,,,,,,,,
,,,,,,,,,,
,,,,,,,,,,
,,,,,,,,,,
,,,,,,,,,,
,,,,,,,,,,
,,,,,,,,,,
,,,,,,,,,,
,,,,,,,,,,
,,,,,,,,,,
,,,,,,,,,,
,,,,,,,,,,
,,,,,,,,,,
,,,,,,,,,,
,,,,,,,,,,
,,,,,,,,,,
,,,,,,,,,,
,,,,,,,,,,
,,,,,,,,,,
,,,,,,,,,,
,,,,,,,,,,
,,,,,,,,,,
,,,,,,,,,,
,,,,,,,,,,
,,,,,,,,,,
,,,,,,,,,,
,,,,,,,,,,
,,,,,,,,,,
,,,,,,,,,,
,,,,,,,,,,
,,,,,,,,,,
,,,,,,,,,,
,,,,,,,,,,
,,,,,,,,,,
,,,,,,,,,,
,,,,,,,,,,
,,,,,,,,,,
,,,,,,,,,,
,,,,,,,,,,
,,,,,,,,,,
,,,,,,,,,,
,,,,,,,,,,
,,,,,,,,,,
,,,,,,,,,,
,,,,,,,,,,
,,,,,,,,,,
,,,,,,,,,,
,,,,,,,,,,
,,,,,,,,,,
,,,,,,,,,,
,,,,,,,,,,
,,,,,,,,,,
,,,,,,,,,,
,,,,,,,,,,
,,,,,,,,,,
,,,,,,,,,,
,,,,,,,,,,
,,,,,,,,,,
,,,,,,,,,,
,,,,,,,,,,
,,,,,,,,,,
,,,,,,,,,,
,,,,,,,,,,
,,,,,,,,,,
,,,,,,,,,,
,,,,,,,,,,
,,,,,,,,,,
,,,,,,,,,,
,,,,,,,,,,
,,,,,,,,,,
,,,,,,,,,,
,,,,,,,,,,
,,,,,,,,,,
,,,,,,,,,,
,,,,,,,,,,
,,,,,,,,,,
,,,,,,,,,,
,,,,,,,,,,
,,,,,,,,,,
,,,,,,,,,,
,,,,,,,,,,
,,,,,,,,,,
,,,,,,,,,,
,,,,,,,,,,
,,,,,,,,,,
,,,,,,,,,,
,,,,,,,,,,
,,,,,,,,,,
,,,,,,,,,,
,,,,,,,,,,
,,,,,,,,,,
,,,,,,,,,,
,,,,,,,,,,
,,,,,,,,,,
,,,,,,,,,,
,,,,,,,,,,
,,,,,,,,,,
,,,,,,,,,,
,,,,,,,,,,
,,,,,,,,,,
,,,,,,,,,,
,,,,,,,,,,
,,,,,,,,,,
,,,,,,,,,,
,,,,,,,,,,
,,,,,,,,,,
,,,,,,,,,,
,,,,,,,,,,
,,,,,,,,,,
,,,,,,,,,,
,,,,,,,,,,
,,,,,,,,,,
,,,,,,,,,,
,,,,,,,,,,
,,,,,,,,,,
,,,,,,,,,,
,,,,,,,,,,
,,,,,,,,,,
,,,,,,,,,,
,,,,,,,,,,
,,,,,,,,,,
,,,,,,,,,,
,,,,,,,,,,
,,,,,,,,,,
,,,,,,,,,,
,,,,,,,,,,
,,,,,,,,,,
,,,,,,,,,,
,,,,,,,,,,
,,,,,,,,,,
,,,,,,,,,,
,,,,,,,,,,
,,,,,,,,,,
,,,,,,,,,,
,,,,,,,,,,
,,,,,,,,,,
,,,,,,,,,,
,,,,,,,,,,
,,,,,,,,,,
,,,,,,,,,,
,,,,,,,,,,
,,,,,,,,,,
,,,,,,,,,,
,,,,,,,,,,
,,,,,,,,,,
,,,,,,,,,,
,,,,,,,,,,
,,,,,,,,,,
,,,,,,,,,,
,,,,,,,,,,
,,,,,,,,,,
,,,,,,,,,,
,,,,,,,,,,
,,,,,,,,,,
,,,,,,,,,,
,,,,,,,,,,
,,,,,,,,,,
,,,,,,,,,,
,,,,,,,,,,
,,,,,,,,,,
,,,,,,,,,,
,,,,,,,,,,
,,,,,,,,,,
,,,,,,,,,,
,,,,,,,,,,
,,,,,,,,,,
,,,,,,,,,,
,,,,,,,,,,
,,,,,,,,,,
,,,,,,,,,,
,,,,,,,,,,
,,,,,,,,,,
,,,,,,,,,,
,,,,,,,,,,
,,,,,,,,,,
,,,,,,,,,,
,,,,,,,,,,
,,,,,,,,,,
,,,,,,,,,,
,,,,,,,,,,
,,,,,,,,,,
,,,,,,,,,,
,,,,,,,,,,
,,,,,,,,,,
,,,,,,,,,,
,,,,,,,,,,
,,,,,,,,,,
,,,,,,,,,,
,,,,,,,,,,
,,,,,,,,,,
,,,,,,,,,,
,,,,,,,,,,
,,,,,,,,,,
,,,,,,,,,,
,,,,,,,,,,
,,,,,,,,,,
,,,,,,,,,,
,,,,,,,,,,
,,,,,,,,,,
,,,,,,,,,,
,,,,,,,,,,
,,,,,,,,,,
,,,,,,,,,,
,,,,,,,,,,
,,,,,,,,,,
,,,,,,,,,,
,,,,,,,,,,
,,,,,,,,,,
,,,,,,,,,,
,,,,,,,,,,
,,,,,,,,,,
,,,,,,,,,,
,,,,,,,,,,
,,,,,,,,,,
,,,,,,,,,,
,,,,,,,,,,
,,,,,,,,,,
,,,,,,,,,,
,,,,,,,,,,
,,,,,,,,,,
,,,,,,,,,,
,,,,,,,,,,
,,,,,,,,,,
,,,,,,,,,,
,,,,,,,,,,
,,,,,,,,,,
,,,,,,,,,,
,,,,,,,,,,
,,,,,,,,,,
,,,,,,,,,,
,,,,,,,,,,
,,,,,,,,,,
,,,,,,,,,,
,,,,,,,,,,
,,,,,,,,,,
,,,,,,,,,,
,,,,,,,,,,
,,,,,,,,,,
,,,,,,,,,,
,,,,,,,,,,
,,,,,,,,,,
,,,,,,,,,,
,,,,,,,,,,
,,,,,,,,,,
,,,,,,,,,,
,,,,,,,,,,
,,,,,,,,,,
,,,,,,,,,,
,,,,,,,,,,
,,,,,,,,,,
,,,,,,,,,,
,,,,,,,,,,
,,,,,,,,,,
,,,,,,,,,,
,,,,,,,,,,
,,,,,,,,,,
,,,,,,,,,,
,,,,,,,,,,
,,,,,,,,,,
,,,,,,,,,,
,,,,,,,,,,
,,,,,,,,,,
,,,,,,,,,,
,,,,,,,,,,
,,,,,,,,,,
,,,,,,,,,,
,,,,,,,,,,
,,,,,,,,,,
,,,,,,,,,,
,,,,,,,,,,
,,,,,,,,,,
,,,,,,,,,,
,,,,,,,,,,
,,,,,,,,,,
,,,,,,,,,,
,,,,,,,,,,
,,,,,,,,,,
,,,,,,,,,,
,,,,,,,,,,
,,,,,,,,,,
,,,,,,,,,,
,,,,,,,,,,
,,,,,,,,,,
,,,,,,,,,,
,,,,,,,,,,
,,,,,,,,,,
,,,,,,,,,,
,,,,,,,,,,
,,,,,,,,,,
,,,,,,,,,,
,,,,,,,,,,
,,,,,,,,,,
,,,,,,,,,,
,,,,,,,,,,
,,,,,,,,,,
,,,,,,,,,,
,,,,,,,,,,
,,,,,,,,,,
,,,,,,,,,,
,,,,,,,,,,
,,,,,,,,,,
,,,,,,,,,,
,,,,,,,,,,
,,,,,,,,,,
,,,,,,,,,,
,,,,,,,,,,
,,,,,,,,,,
,,,,,,,,,,
,,,,,,,,,,
,,,,,,,,,,
,,,,,,,,,,
,,,,,,,,,,
,,,,,,,,,,
,,,,,,,,,,
,,,,,,,,,,
,,,,,,,,,,
,,,,,,,,,,
,,,,,,,,,,
,,,,,,,,,,
,,,,,,,,,,
,,,,,,,,,,
,,,,,,,,,,
,,,,,,,,,,
,,,,,,,,,,
,,,,,,,,,,
,,,,,,,,,,
,,,,,,,,,,
,,,,,,,,,,
,,,,,,,,,,
,,,,,,,,,,
,,,,,,,,,,
,,,,,,,,,,